{
  "Manufacturer":{"Locale":"en-US","Text":"ACME Corporation"},
  "ManufacturerUri":"acme.com",
  "Model":{"Locale":"en-US","Text":"rock_solid_weather_sensor"},
  "ProductCode":"OEC-ACME-UTILITY",
  "HardwareRevision":"N/A",
  "SoftwareRevision":"0.12.1",
  "DeviceRevision":"1.0.0",
  "DeviceManual":"1.0",
  "DeviceClass":"WeatherSensor",
  "SerialNumber":"F12SN999",
  "ProductInstanceUri":"oi4/appid/service",
  "RevisionCounter":0,
  "Description":
  {
    "Locale":"en-US",
    "Text":"Rock solid weather sensor located in Freiburg"
  },
  "location": {
    "longitude": 7.8522,
    "latitude": 47.9959
  }
}
