{
  "Manufacturer":{"Locale":"en-US","Text":"ACME Corporation"},
  "ManufacturerUri":"acme.com",
  "Model":{"Locale":"en-US","Text":"OEC Demo OT Connector"},
  "ProductCode":"OEC-ACME-WEATHER-CONNECTOR",
  "HardwareRevision":"",
  "SoftwareRevision":"0.12.1",
  "DeviceRevision":"1.0.0",
  "DeviceManual":"1.0",
  "DeviceClass":"OTConnector",
  "SerialNumber":"F12AB34",
  "ProductInstanceUri":"oi4/appid/service",
  "RevisionCounter":0,
  "Description":
  {
    "Locale":"en-US",
    "Text":"An example OI4 service"
  }
}
